ip_address,created_by,comment,added_at,unblocked_at,duration,blocks_count
3.238.254.39,4,Tonight seek real.,2025-05-01T10:55:30.375869,2025-05-02T01:45:30.375869,14 hours 50 minutes,34
130.228.61.82,7,Professor though name collection.,2025-03-05T17:52:04.395618,2025-03-06T12:28:04.395618,18 hours 36 minutes,91
171.100.166.235,8,Population modern rock choice well.,2025-02-13T03:25:38.212440,2025-02-13T21:34:38.212440,18 hours 9 minutes,20
188.250.240.169,3,Race job own bring.,2025-03-20T03:54:21.040484,2025-03-21T02:26:21.040484,22 hours 32 minutes,100
112.180.210.141,10,Key stop son already.,2025-04-23T04:52:33.992514,2025-04-23T13:55:33.992514,9 hours 3 minutes,97
30eb:6e1b:be27:acbe:761c:2134:b804:2df7,5,Will Mr from rate.,2025-01-08T06:17:18.835969,2025-01-09T04:40:18.835969,22 hours 23 minutes,62
c361:44ae:4300:81f9:d6d6:ae26:1fc:6844,3,Change key special.,2025-04-03T23:38:39.030854,2025-04-04T12:21:39.030854,12 hours 43 minutes,88
e8a:250f:6b9a:c7c3:6390:bba1:1944:1550,2,Former name training affect action.,2025-03-20T10:34:27.664887,2025-03-20T22:24:27.664887,11 hours 50 minutes,69
c39d:9e7:7d37:1b08:16f1:49ca:5af5:56d1,4,Off sport home common dream.,2025-04-19T03:10:46.715326,2025-04-19T20:10:46.715326,17 hours 0 minutes,58
df5a:58c2:96cc:4d1d:36e1:2dbe:3163:d885,6,Happen here investment mind result answer around line.,2025-05-15T06:20:26.393659,2025-05-15T10:31:26.393659,4 hours 11 minutes,61
48.128.125.123,10,Because agreement each later space music commercial.,2025-01-19T15:02:21.569732,2025-01-20T06:35:21.569732,15 hours 33 minutes,85
20.67.61.215,4,Law mention standard girl should.,2025-03-15T01:31:28.427033,2025-03-16T01:02:28.427033,23 hours 31 minutes,54
12.171.179.1,5,Rise detail fire.,2025-01-31T04:02:35.831232,2025-01-31T23:42:35.831232,19 hours 40 minutes,1
219.148.46.45,1,I mouth process seven apply after want democratic.,2025-01-21T04:52:19.708289,2025-01-22T02:11:19.708289,21 hours 19 minutes,5
75c4:73d3:3057:b05b:91e7:aa96:fd6e:ed14,1,Him maintain ago chair.,2025-01-15T11:42:03.212496,2025-01-15T12:31:03.212496,0 hours 49 minutes,2
