ip_address,created_by,comment,added_at,duration,blocks_count,expires_at
1be7:ebe8:6568:f1fb:cefd:941b:1c2c:3a2c,3,Body girl whom address quality degree institution.,2025-04-02T16:01:35.149400,13 hours 15 minutes,175,2025-04-03T05:16:35.149400
254e:c563:f4b:8591:ab87:da7:b38c:4ecf,2,Chair single meeting deep among front baby.,2025-03-29T09:09:20.291930,12 hours 12 minutes,48,2025-03-29T21:21:20.291930
4.143.147.215,3,Story cultural cover large speech follow.,2025-02-09T22:46:23.470100,40 hours 34 minutes,100,2025-02-11T15:20:23.470100
889:e547:938a:307b:6907:bca6:6c05:e814,10,Claim themselves bank conference become indeed.,2025-05-05T08:09:23.132076,17 hours 25 minutes,55,2025-05-06T01:34:23.132076
9f4a:2852:b7e2:3331:df62:4810:4b97:2ab0,2,Sit form southern amount.,2025-04-16T19:20:07.961804,9 hours 22 minutes,123,2025-04-17T04:42:07.961804
9196:d497:44cd:c8b:deba:dc:a850:9609,5,Forward help water operation a senior subject.,2025-02-18T17:17:07.057625,27 hours 18 minutes,63,2025-02-19T20:35:07.057625
e417:a1e9:bf30:e8d5:10f:a3bb:3686:4a25,2,Growth politics vote himself child like.,2025-04-13T16:23:05.891425,34 hours 40 minutes,50,2025-04-15T03:03:05.891425
d86a:3b84:a76f:6f38:4ae2:2e02:3e8f:fe0,7,Couple choose change before glass.,2025-02-28T05:45:30.729681,26 hours 27 minutes,38,2025-03-01T08:12:30.729681
5699:cfc2:b211:f93:be95:58d:2280:280a,4,President according which movement young less plan.,2025-02-11T11:47:22.044530,20 hours 55 minutes,55,2025-02-12T08:42:22.044530
e25d:7c8f:71f1:6565:fa7c:1f54:e416:808f,10,Black somebody cup pretty simply could.,2025-01-14T18:13:37.315160,15 hours 16 minutes,144,2025-01-15T09:29:37.315160
28.187.220.219,1,Check page last through senior.,2025-01-08T08:34:53.683032,47 hours 58 minutes,135,2025-01-10T08:32:53.683032
98.10.234.248,4,Budget present citizen tree.,2025-04-07T06:32:19.826370,30 hours 3 minutes,165,2025-04-08T12:35:19.826370
e780:3f65:94e3:e14d:9f40:d39d:a266:a09e,4,College kitchen feel.,2025-05-22T10:55:39.203287,3 hours 43 minutes,181,2025-05-22T14:38:39.203287
2f26:c0f8:20dc:bd8d:ef1b:d1b6:823a:a281,4,Recent high maybe situation letter decision measure.,2025-01-23T02:10:50.235272,39 hours 38 minutes,106,2025-01-24T17:48:50.235272
90.6.128.209,8,Moment this them inside will stage must.,2025-05-29T19:59:18.036044,33 hours 19 minutes,115,2025-05-31T05:18:18.036044
7f4f:8f9b:6b98:acd:d191:c28b:484b:ffa8,4,Strong street weight analysis themselves its participant though.,2025-05-09T08:19:05.986312,7 hours 6 minutes,33,2025-05-09T15:25:05.986312
f447:206d:9d48:f62f:d2d:42ea:af17:f830,3,Oil speak kitchen.,2025-05-02T14:29:42.610704,20 hours 6 minutes,122,2025-05-03T10:35:42.610704
168.196.226.57,9,Sort morning imagine recently.,2025-02-25T12:15:17.110942,27 hours 22 minutes,85,2025-02-26T15:37:17.110942
2778:92cb:c73b:e4a0:b676:b160:bb3f:2661,4,Picture letter both why idea.,2025-03-21T15:28:49.862023,34 hours 14 minutes,12,2025-03-23T01:42:49.862023
134.212.223.75,6,Maybe suddenly perform give just put room.,2025-02-06T05:54:57.825402,28 hours 37 minutes,78,2025-02-07T10:31:57.825402
