ip_address,created_by,added_at,comment,duration,expires_at
3.21.90.202,1,2025-02-20T14:52:26.825917,Star him firm less when phone.,10 hours 11 minutes,2025-02-21T01:03:26.825917
164.168.17.2,9,2025-02-11T05:13:56.795124,Turn begin police service be everyone.,11 hours 36 minutes,2025-02-11T16:49:56.795124
90ca:c6e9:7a0d:8d61:181f:f62d:54f0:fdea,10,2025-01-10T02:31:29.642682,Water form right computer next art fast.,8 hours 3 minutes,2025-01-10T10:34:29.642682
185.167.243.76,10,2025-02-22T22:15:49.604860,Head way send meeting peace check.,1 hours 29 minutes,2025-02-22T23:44:49.604860
68e0:d865:25fe:3188:f9b6:75fa:faca:39bc,8,2025-03-30T12:00:48.318529,Seven require pay concern arm.,5 hours 48 minutes,2025-03-30T17:48:48.318529
109.173.70.89,5,2025-02-15T09:56:58.179392,Impact seven modern her whole baby.,53 minutes,2025-02-15T10:49:58.179392
25a8:58ed:9c6c:7814:6cd4:f127:75b1:5eab,7,2025-02-15T14:45:33.721749,Suddenly eight somebody among suddenly.,10 hours 26 minutes,2025-02-16T01:11:33.721749
50af:fdd8:f0c8:b3ba:2e34:989b:2677:4f8e,5,2025-04-29T07:25:18.730987,Some least possible drop color brother couple a.,3 hours 26 minutes,2025-04-29T10:51:18.730987
1a93:4975:35a1:5ab1:c46e:9a74:e0fc:3af2,3,2025-02-03T12:40:55.304315,He technology fund worry another.,8 hours 42 minutes,2025-02-03T21:22:55.304315
70.2.101.9,5,2025-03-18T14:39:49.783201,Successful sea field senior region.,4 hours 32 minutes,2025-03-18T19:11:49.783201
